{"_runtime":88.030679365,"_wandb":{"runtime":88},"competence/mean":0,"competence/std":0,"_timestamp":1.7792088107893589e+09,"_step":0}